id,prediction
0,0.24345187245558852
1,0.6305179642011818
2,0.9049633581666771
3,0.4997365343109713
4,0.10563985395649977
5,0.05198891623857682
6,0.48754726093412293
7,0.4707121162647496
8,0.45547842307022046
9,0.8474491796993163
10,0.0215007791216566
11,0.24393469258425982
12,0.07406484555190851
13,0.5072420613561047
14,0.5802588833480009
15,0.979260948843938
16,0.12903421670344262
17,0.46342895691338737
18,0.583990304375668
19,0.21191803228431527
20,0.2761013669733108
21,0.30765392254068036
22,0.6019937004415257
23,0.8305739530169128
24,0.6189148447104008
25,0.31595017378786694
26,0.024638120779092887
27,0.23536746817819265
28,0.23673790803763783
29,0.5718576879406935
30,0.9286898789991709
31,0.6889370855184636
32,0.21300915899803752
33,0.16651370204505667
34,0.44813733073240625
35,0.00764860573396009
36,0.8292540763518469
37,0.0844633919815202
38,0.1079235326247221
39,0.3698431503366113
40,0.12052896680105696
41,0.6229297134979558
42,0.7642869731252654
43,0.1376044494588915
44,0.28408561103776053
45,0.4124364302772252
46,0.006541693735692022
47,0.9292056229951191
48,0.914578367956282
49,0.7674878081985009
50,0.551446044265247
51,0.6333294466137921
52,0.7066573482684362
53,0.016817524109211224
54,0.05175106921350159
55,0.625639855418205
56,0.4110761324435782
57,0.6032267975087314
58,0.995289582328801
59,0.2212475347725007
60,0.8970383068840283
61,0.17511839196108148
62,0.7201222135662109
63,0.6782531597891995
64,0.46675984958214034
65,0.7100052662225731
66,0.9914404720663859
67,0.4721460891563225
68,0.9876461055059528
69,0.07940204161732412
70,0.11020912399979521
71,0.5964385815797837
72,0.8281332646560263
73,0.6135224592024681
74,0.13147377060761656
75,0.8498659889550473
76,0.13062908223057024
77,0.17495631792259114
78,0.6997098290460638
79,0.28029030608833816
80,0.11452213063016414
81,0.3560280465148816
82,0.02095961123597312
83,0.43035528910825205
84,0.5937876727347208
85,0.5851262869701908
86,0.3606415086678527
87,0.8808466275072192
88,0.4608440802543269
89,0.5119831413304096
90,0.017610586482839974
91,0.41841408897178245
92,0.4356057030029432
93,0.1964136929694218
94,0.07716163063645376
95,0.706721516525694
96,0.7121473036188445
97,0.8679252926227587
98,0.7924155639940301
99,0.155520675519216
100,0.1589150725208074
101,0.8326451129007969
102,0.041162222111434055
103,0.39916787067017445
104,0.7356234782529092
105,0.32345198553970567
106,0.06941056182682914
107,0.803297597208661
108,0.5092823394790991
109,0.04092217979235124
110,0.6021653133839535
111,0.6251041106715013
112,0.8454248832200463
113,0.4020532471556254
114,0.8165782023583052
115,0.9386258392768515
116,0.41167300815020746
117,0.7692984604986901
118,0.4590334278163002
119,0.3128190440693617
120,0.8247432817293437
121,0.6042048445464189
122,0.9994886208621326
123,0.47020907634752074
124,0.18203923223050378
125,0.7685260804284831
126,0.816690346126284
127,0.9477900079921932
128,0.8967271284234345
129,0.5854643987828875
130,0.714920742358398
131,0.11617148348292716
132,0.8909986706692984
133,0.541501168938835
134,0.9543885983111232
135,0.5003253039284316
136,0.7962963180220957
137,0.6698564153474565
138,0.1310751564631808
139,0.2674014547831609
140,0.838474078996104
141,0.9334044973938167
142,0.9895644276659089
143,0.7876831151410219
144,0.006765061665154226
145,0.9286191903189458
146,0.3527351220934922
147,0.7271792923843002
148,0.4808621084237553
149,0.8046384415904406
150,0.1672317726927186
151,0.9065946500305999
152,0.8188475968596799
153,0.39025941749382176
154,0.20245329692339598
155,0.057432353068247455
156,0.31749540771654217
157,0.7051244238430555
158,0.045212900498195374
159,0.8473742452034824
160,0.6268189490964917
161,0.8440233312731265
162,0.2763221099161476
163,0.6004421027371111
164,0.5306221443713937
165,0.45031504506676334
166,0.049613014586190274
167,0.23819422383711386
168,0.08427197302846212
169,0.05250798106860344
170,0.9764573911243886
171,0.48046872587405853
172,0.00781369856817904
173,0.6977974125909984
174,0.474930209873506
175,0.28160440462162883
176,0.48889662825836744
177,0.4274321282359812
178,0.2270110594008241
179,0.7415906371761591
180,0.19221568989567217
181,0.42287024800609285
182,0.3951849168467033
183,0.09180665610653993
184,0.3618781400911669
185,0.6303730151991097
186,0.539360417315699
187,0.16878824231917955
188,0.646839407761034
189,0.9032031609543522
190,0.46616090547027744
191,0.011631885072649895
192,0.8566279528308233
193,0.37883638392417673
194,0.4610860563470227
195,0.7069677559603466
196,0.7333465911303719
197,0.07288079048775353
198,0.2761677054543057
199,0.10774576200172148
200,0.945668234224565
201,0.7268372887097525
202,0.5837956931550303
203,0.5938915282722502
204,0.3626570134838598
205,0.8258472262432479
206,0.603421713917536
207,0.7387309832335147
208,0.8941949491088735
209,0.35484751442773754
210,0.664628860568288
211,0.7088071261753837
212,0.3004435271532099
213,0.7105903606619325
214,0.6398947289547189
215,0.13045017244165868
216,0.5316021616813845
217,0.5667785760912037
218,0.9661869915135559
219,0.18420608514568138
220,0.9121995253649603
221,0.9668104850463201
222,0.9622842136185624
223,0.19821553703097805
224,0.04139693923207188
225,0.6434156533473375
226,0.9788461659141845
227,0.007823271438414658
228,0.9252279594367686
229,0.7740903647461324
230,0.8528772230264366
231,0.1980552329891926
232,0.5110252987091719
233,0.8245759182675686
234,0.37048424463392415
235,0.500520200172231
236,0.9564485870924053
237,0.7317212202066069
238,0.4708750296971277
239,0.7657989725357016
240,0.8377226192232213
241,0.8534987130640984
242,0.6678031093639414
243,0.6113199872849904
244,0.5845405900929912
245,0.8421000436689648
246,0.9402362355403696
247,0.24317131639356604
248,0.2477869310066998
249,0.40956454286309396
250,0.6304971458227181
251,0.4434480074463115
252,0.581149974259473
253,0.2651699347221119
254,0.2509324121552149
255,0.4214273069536457
256,0.48621317623723515
257,0.9745625932649978
258,0.05643547662735382
259,0.1895539540717619
260,0.5935532313693844
261,0.6154142060112726
262,0.5554156176300566
263,0.27840595324684125
264,0.573818063525779
265,0.9149907607034583
266,0.6979350850956697
267,0.5817690264426767
268,0.8695959664458186
269,0.8488409498959393
270,0.6592079794442609
271,0.23592907820832698
272,0.5902760693166844
273,0.0951801250103057
274,0.9089033311367649
275,0.26601537079598736
276,0.032011883014001596
277,0.536724030483212
278,0.40643628237050355
279,0.2357544999702712
280,0.4055502155453191
281,0.30655652876178285
282,0.1709335827273758
283,0.8151123350626102
284,0.43042959036194384
285,0.6310645896851734
286,0.31466105932389965
287,0.9315976074971571
288,0.3726837076928904
289,0.654212317832908
290,0.28205935204583277
291,0.40401545165001984
292,0.94043825282067
293,0.7294063960087007
294,0.8112841304508279
295,0.36634443710627673
296,0.9447034157433063
297,0.7786382767202478
298,0.44688627581169194
299,0.648893572246707
300,0.06429202008318624
301,0.7828413359451245
302,0.5271486860019265
303,0.86460539265586
304,0.14839043257119044
305,0.0757725453818705
306,0.6807778178591597
307,0.44829417313551856
308,0.5423988502254068
309,0.23093267608938028
310,0.7753101118418633
311,0.4438271911408208
312,0.2385610447541946
313,0.03345141787379258
314,0.9815095595946917
315,0.7697125959805597
316,0.42753722328689414
317,0.8376607651706351
318,0.9682391066374991
319,0.555263507750837
320,0.09558934023799093
321,0.014343702646824164
322,0.971377542457978
323,0.6937393041715075
324,0.7652412813859799
325,0.7743367136975251
326,0.6957878857031741
327,0.4192091154388754
328,0.43827100685934905
329,0.9346137070609779
330,0.03891611342643864
331,0.9982980408765464
332,0.2468918746375629
333,0.007680929243317425
334,0.027004886381694182
335,0.9959309986406146
336,0.7190723793474182
337,0.5648259706851547
338,0.6334803091275549
339,0.5262996998609177
340,0.2159675614155253
341,0.4667726005064575
342,0.9328084362302915
343,0.770593820386847
344,0.3406363766837396
345,0.037419073432827354
346,0.27256748504873296
347,0.043829018706531664
348,0.9583778376496522
349,0.3529322729399781
350,0.9303388588885465
351,0.6392906670322815
352,0.4399658047649526
353,0.41045408151507856
354,0.60577662000666
355,0.7201677256949296
356,0.4387612707835721
357,0.305046133773058
358,0.8241075157765176
359,0.9387753972575062
360,0.5027553330017862
361,0.11695220659273553
362,0.08900445957034608
363,0.06850373914372632
364,0.9907482447232457
365,0.17957938736940082
366,0.1582426661306897
367,0.9134585004633564
368,0.0052425143115878425
369,0.8715778884926032
370,0.25110619592774797
371,0.12218967929786062
372,0.41833983952736076
373,0.7794905140855669
374,0.0404971312828768
375,0.47515998581204744
376,0.7340819763253407
377,0.8218164871342123
378,0.8294981743848309
379,0.5193778840139489
380,0.1277115026589246
381,0.21037315159604275
382,0.2264705528274985
383,0.6906365564091022
384,0.8398753021443142
385,0.5829310762831122
386,0.9120898169475464
387,0.1881873481032038
388,0.2288688868197314
389,0.47507300907172634
390,0.5796562068106784
391,0.15559597391370095
392,0.2685177965625637
393,0.2718178041304842
394,0.7361982136288239
395,0.239900907152377
396,0.7770319374374175
397,0.13399914276093539
398,0.2851538662765629
399,0.49520399326538367
400,0.15757928106699093
401,0.8154464707485755
402,0.584474957009015
403,0.5713609181403497
404,0.37044163861938695
405,0.44001760736860973
406,0.5945017848220339
407,0.10490453846282499
408,0.4938442491110191
409,0.5613360631970544
410,0.17097164538424603
411,0.08448955346423903
412,0.13285802869954477
413,0.915619430485536
414,0.401712828062207
415,0.8810886010550161
416,0.5773387831394852
417,0.24378382470921944
418,0.330056308604337
419,0.09800913333241756
420,0.9958202068505119
421,0.804090426541404
422,0.6799734168258504
423,0.3188466385121166
424,0.3376418930767232
425,0.19286269985286708
426,0.4514786652817606
427,0.8841695611337616
428,0.6569711984794692
429,0.5583553644330411
430,0.6988194662838503
431,0.1171177502173597
432,0.8301615495736938
433,0.5493063299066907
434,0.5682278198061568
435,0.6888969125331053
436,0.010991761855326576
437,0.7824878029090799
438,0.47310974996769983
439,0.2696616456679136
440,0.8867665297717204
441,0.8628031225084482
442,0.7807878709739015
443,0.5640398536823377
444,0.6490601540793589
445,0.0354741859004889
446,0.5612147027645096
447,0.6187326707873385
448,0.4386924141407347
449,0.7467264296359329
450,0.4200175505856746
451,0.23294702305105608
452,0.9969449452389587
453,0.17688091109359827
454,0.9117864940999298
455,0.5554781114680953
456,0.5914472444864941
457,0.059972954726169814
458,0.32243422281275635
459,0.12955530808556093
460,0.3090053940349645
461,0.777695896971695
462,0.38777419797855295
463,0.04530005548495519
464,0.7753852173207644
465,0.967895160084445
466,0.8976895968426987
467,0.5448533656949552
468,0.9698054299577621
469,0.6345151866078209
470,0.25526723018904873
471,0.9217702935613042
472,0.4807048907273168
473,0.4160157080245961
474,0.7431787162107578
475,0.30965179630471984
476,0.7522737185442239
477,0.49584092537072844
478,0.5230717330021154
479,0.4155861457519655
480,0.019120839861778594
481,0.48841953271335337
482,0.606760406576076
483,0.6771098760257951
484,0.3803917687513123
485,0.9023180402269738
486,0.7332590059727807
487,0.38054437176601286
488,0.7224008656289482
489,0.5437092510596971
490,0.39864275471919597
491,0.19001057162093482
492,0.4960004734390763
493,0.7502878270650775
494,0.46873229897948676
495,0.7369360029862088
496,0.18361300066197817
497,0.6541556663801118
498,0.508613106179155
499,0.23118405804261455
500,0.001010911784832258
501,0.1237043514427576
502,0.5296317394306076
503,0.04921857907405092
504,0.3316135693032921
505,0.8326283342826258
506,0.4159398257387936
507,0.5924453926026907
508,0.8105826875002107
509,0.8799785046925502
510,0.9239808766104698
511,0.5891741645128334
512,0.18835325189050633
513,0.39389016803947063
514,0.016689610044709147
515,0.30339641007099305
516,0.6870409742467366
517,0.8901937679547378
518,0.7394050787691412
519,0.615396492586276
520,0.7340431768540258
521,0.021647407047508338
522,0.3118767474183961
523,0.5585562916655671
524,0.9859899731865988
525,0.3544811773327734
526,0.49220431403020004
527,0.46600932540787154
528,0.6963625688433455
529,0.539022370856797
530,0.3256123982429536
531,0.5121138353866216
532,0.46495715887690503
533,0.09285868135991215
534,0.2982713501480925
535,0.6236263814523235
536,0.4773478981269047
537,0.42415764957845015
538,0.639787942228152
539,0.1325863049793119
540,0.013001809065661174
541,0.10992061038654488
542,0.5457331810073245
543,0.8832738902102819
544,0.07557732638327641
545,0.3134445017133455
546,0.777230393605008
547,0.4950120106958682
548,0.6160473782581075
549,0.18942835047677153
550,0.11690879596950488
551,0.7784625332339988
552,0.32405267437558605
553,0.0040757288914893275
554,0.6487773015280572
555,0.1603271607904928
556,0.7231534043655296
557,0.7914718354867631
558,0.4765798441284298
559,0.4354647677805711
560,0.32901929189973056
561,0.4771622810820768
562,0.0321277157072587
563,0.5700316710075586
564,0.3223303187831752
565,0.23771547382668468
566,0.9798630086961935
567,0.8565194742196741
568,0.9836797557408278
569,0.7478973348362166
570,0.6247900306431649
571,0.8431939344656915
572,0.41374483156865627
573,0.6333325001809028
574,0.31597959382228846
575,0.6979086818413884
576,0.7858203911712215
577,0.7604354068195104
578,0.6406193599466193
579,0.7206833143382232
580,0.44192810152922557
581,0.8736926555030511
582,0.807730518061397
583,0.5453732016296788
584,0.2745674982898766
585,0.052592377624931075
586,0.44874569026228794
587,0.4910252995233476
588,0.16354704692503286
589,0.1813630866240311
590,0.009730109676277854
591,0.21582947766889693
592,0.2553653666889072
593,0.683676512701513
594,0.6430658314856236
595,0.6553328423056326
596,0.7685220817215398
597,0.8572094110758944
598,0.6285365054119142
599,0.47407371976293633
600,0.39045123867770115
601,0.5680145159658397
602,0.3697082595779341
603,0.39968758288065287
604,0.8923598269158586
605,0.9588814813202935
606,0.7264851900318501
607,0.20450963311605608
608,0.17274822858271843
609,0.8036515576447526
610,0.8128232888662553
611,0.7526362771023393
612,0.05672170724608372
613,0.3149615670569381
614,0.38951693827054545
615,0.8949941395562699
616,0.6341429439103917
617,0.6537768132166484
618,0.6939903017229592
619,0.7407344242582709
620,0.46190944762351893
621,0.9149290653713505
622,0.9036758806697754
623,0.48842805592160454
624,0.6603705792553708
625,0.6657688562145622
626,0.9138983334960893
627,0.796690663503705
628,0.5168311309430542
629,0.19319763669432843
630,0.7285891243531359
631,0.015404338136659645
632,0.5226639626119062
633,0.6727532942038048
634,0.4007259363687743
635,0.4771674521972138
636,0.7803388015070939
637,0.5513123052361382
638,0.23210363672338286
639,0.13377718136028371
640,0.2245292585626275
641,0.5493485775128788
642,0.815731198322911
643,0.993545732722067
644,0.32499010348719193
645,0.13621668782489738
646,0.0010483750456732333
647,0.5628701709914727
648,0.12090291130567077
649,0.8528943911085216
650,0.7923475068055637
651,0.8969572974068217
652,0.4249648861883447
653,0.553090783107017
654,0.6265815693212438
655,0.6948842088522103
656,0.9480643701970665
657,0.3439670457493631
658,0.5279137401951147
659,0.8809552321364013
660,0.474573525613577
661,0.5028011042968437
662,0.9211405421385418
663,0.3722449891824875
664,0.9735726611052494
665,0.17410569749341331
666,0.8576386573494063
667,0.45479034571711174
668,0.9978743483415448
669,0.2834543747413305
670,0.050045858362484985
671,0.4283577414931574
672,0.6801290190325587
673,0.7806003428276066
674,0.9029801536815815
675,0.3458691485661398
676,0.9116895787444158
677,0.1541013499288385
678,0.44434153226271134
679,0.9123161138669981
680,0.3137939963380344
681,0.2864602379127543
682,0.10059156354572407
683,0.518876704494994
684,0.18673807095826034
685,0.8953036669756007
686,0.6093844592401874
687,0.5271362111591141
688,0.31803639966218755
689,0.5111591219888231
690,0.09269596999687757
691,0.535490800891238
692,0.824257892498253
693,0.5036400816604049
694,0.45040473869065467
695,0.3767452743824762
696,0.4468621281571894
697,0.6466882036108873
698,0.3183895056653867
699,0.7880700574817756
700,0.6023527949864673
701,0.03787369946646357
702,0.9302237671344686
703,0.1798474276307137
704,0.3698391062325578
705,0.8247899117463547
706,0.6230371842680941
707,0.5113246627389285
708,0.643047593980653
709,0.4649368888491653
710,0.8962755389546322
711,0.08050428006347021
712,0.7915583942323964
713,0.8428661921071583
714,0.6977337146079583
715,0.5502076963205697
716,0.19188572253009217
717,0.8011698914888227
718,0.7197317517681984
719,0.9248205410734438
720,0.8211376854842732
721,0.17248041823320848
722,0.9182175358578676
723,0.017160575571913417
724,0.9451087814745958
725,0.13322334407763448
726,0.41199564632752017
727,0.7747155305154372
728,0.5715616486885585
729,0.42396017181379064
730,0.5000694814173648
731,0.3277504347307785
732,0.7446263703204739
733,0.8035971153253437
734,0.7776480954912655
735,0.5963046384084809
736,0.6725114118372999
737,0.9545479012052359
738,0.17966625462291574
739,0.04370696414232356
740,0.7093314926107107
741,0.18626883358623747
742,0.09785113033283255
743,0.7867385286002031
744,0.547782802205169
745,0.3735099237705972
746,0.4100509332319656
747,0.8830082149084318
748,0.9644364386950987
749,0.783107166822851
750,0.9651998563638641
751,0.8488795655277952
752,0.43946007037222545
753,0.553167515694675
754,0.6629310010729839
755,0.15727071009573235
756,0.48046166745682184
757,0.9890418930146899
758,0.23508907778622323
759,0.013732665718411807
760,0.5735943135302259
761,0.9563064018691435
762,0.593168829163398
763,0.9575317038031594
764,0.2113557671179973
765,0.6104916336154385
766,0.19471881773974997
767,0.38853580349386285
768,0.024985850596888515
769,0.9900491747953266
770,0.3965196435223166
771,0.012813228994401848
772,0.709231942451941
773,0.560035248204897
774,0.6778838088164464
775,0.2730034943569737
776,0.43053817651307
777,0.8518931629575927
778,0.46304129813065453
779,0.23396066267579918
780,0.0003859782044645099
781,0.21614692636689625
782,0.382218877763957
783,0.6791307743947187
784,0.5340928482435816
785,0.15084679232763742
786,0.8637244531519035
787,0.969833432748813
788,0.9998172024603644
789,0.8414861638169129
790,0.4078779170489438
791,0.2031675078242824
792,0.7195245883679997
793,0.15746141150662762
794,0.6456675136965432
795,0.6795036642313201
796,0.4868226525560829
797,0.36784792245833087
798,0.6240514630786326
799,0.759426993097748
800,0.8085942539112725
801,0.2866835241918244
802,0.7189080627476966
803,0.23720869581621518
804,0.5450923243285385
805,0.9463391282820268
806,0.5225227628822936
807,0.12057393550795692
808,0.006956722687560091
809,0.33681693645896493
810,0.9511664834343275
811,0.0474246656063777
812,0.34728549353658045
813,0.2412604282265599
814,0.3896637278366555
815,0.28932241304983697
816,0.29188197836154184
817,0.5477743529457504
818,0.17936531929324562
819,0.4769775101652828
820,0.8767469591145637
821,0.7698686488843899
822,0.9897413489454319
823,0.3276439213985932
824,0.7659311964548176
825,0.6672856841000255
826,0.35349606987545057
827,0.06771938687745216
828,0.8751388875663237
829,0.6918164139194586
830,0.6864897058488943
831,0.2744811480199296
832,0.2518979279330461
833,0.8658589991178668
834,0.9050269391370509
835,0.893729534726845
836,0.29658369519262917
837,0.2065545023162555
838,0.6739363544196365
839,0.5435371197323428
840,0.26679295616687504
841,0.563031415061371
842,0.514215304876123
843,0.09596503307165949
844,0.11326216869450545
845,0.8782811112724438
846,0.22148475586482397
847,0.16769566138319691
848,0.3811929084959932
849,0.8180799755367812
850,0.5907901494852807
851,0.5999968805379388
852,0.4760788341372375
853,0.42369465915445925
854,0.008142693438513815
855,0.007336504962598633
856,0.7040843123396987
857,0.1926861984355085
858,0.9987050870449778
859,0.6847441815950019
860,0.9530067721768662
861,0.8393677886180999
862,0.6613393958600365
863,0.1435739633565879
864,0.9263134037623656
865,0.9066775149331232
866,0.1677201033316731
867,0.515713042171377
868,0.490937322669044
869,0.7716452015129133
870,0.8876050221257222
871,0.19010080572926913
872,0.5796614443405211
873,0.17841719908816522
874,0.5959613520041904
875,0.016119564291526278
876,0.8345724566258379
877,0.914048709173678
878,0.41202006403822944
879,0.776544180508559
880,0.22377169719821377
881,0.379538387503371
882,0.1259639721963015
883,0.3880600516109787
884,0.13165379834917001
885,0.8189421740755122
886,0.275959857297548
887,0.26712926112623714
888,0.9053177720249804
889,0.6953304252690404
890,0.04606782384925179
891,0.9793645398688922
892,0.38154657730791985
893,0.8135915266695917
894,0.9844685933747517
895,0.5624031470670819
896,0.46590043368563405
897,0.29686996690049405
898,0.8288742104431482
899,0.4945826966485527
900,0.7941607212739946
901,0.05326250901280749
902,0.9640901454096374
903,0.9338751373660662
904,0.3004604924740234
905,0.28537883374720485
906,0.6918718596677838
907,0.7338765069178813
908,0.029642404340697204
909,0.10854957463873094
910,0.09289064261150526
911,0.4689338339023097
912,0.33162213122163653
913,0.8777736820831394
914,0.5220121376087854
915,0.762970968846558
916,0.9944118609925886
917,0.9991997385283854
918,0.5074627202650676
919,0.5214819129926374
920,0.6181285373232783
921,0.9466069383472863
922,0.8785551675850595
923,0.09097705893641239
924,0.6230442397626665
925,0.5133525883064133
926,0.24402434187936073
927,0.7866615534456055
928,0.7214787935911886
929,0.6901459330610786
930,0.6549396307386222
931,0.03333135711053281
932,0.4908344005878369
933,0.4764407188177867
934,0.29219669129447945
935,0.5951046929828785
936,0.8784656645632486
937,0.9881035955646712
938,0.373102184448997
939,0.6853605278736241
940,0.013736782768718814
941,0.315145560074619
942,0.35736439009649634
943,0.8444590088329439
944,0.39210945495816574
945,0.39065830156398973
946,0.899656364101987
947,0.11378976966323284
948,0.4229067277507351
949,0.8284761771307777
950,0.12366336533141276
951,0.06611961207522932
952,0.9763623954860129
953,0.06656739077612184
954,0.6859865661226213
955,0.9755556440106318
956,0.8909382908573666
957,0.11308826620542789
958,0.25124932453772686
959,0.0008266047949332389
960,0.04050371842413614
961,0.8355828445420598
962,0.8747382121106575
963,0.36988384264839724
964,0.05414478965339231
965,0.4441065271011495
966,0.35583174641718485
967,0.9175954691847195
968,0.3885240670411477
969,0.9077570033226756
970,0.6626578898220902
971,0.07216044350478523
972,0.5753902778182387
973,0.8860476197141894
974,0.6196363055352352
975,0.7475647670143658
976,0.2984376809892849
977,0.03959517747753971
978,0.615308033980073
979,0.8746439001220028
980,0.2411871509861362
981,0.6101858474503007
982,0.947790179552011
983,0.7956928258831454
984,0.2287712637065089
985,0.5135928319775289
986,0.7836573119880823
987,0.7859264036960812
988,0.7446062395405438
989,0.07685675559877658
990,0.7407733756985014
991,0.8930302574897354
992,0.6443419814568514
993,0.755209989400783
994,0.5878453511881272
995,0.9441314694508203
996,0.7632734936392209
997,0.06322200529779021
998,0.7040642918928609
999,0.10047004222547262
1000,0.4724218287313031
1001,0.42644163573620264
1002,0.9125446811165155
1003,0.8133682786700888
1004,0.877860812954182
1005,0.6487473795415715
1006,0.5365037952297524
1007,0.22043361848523302
1008,0.7629453102568766
1009,0.778383186174448
1010,0.7369707821411908
1011,0.06296126699591076
1012,0.1815906247590784
1013,0.5432409929178756
1014,0.2798078278593016
1015,0.9513726619443383
1016,0.9217653524700344
1017,0.1338409232603801
1018,0.6980968006782551
1019,0.044853884209746564
1020,0.8867861838757457
1021,0.4701567039294271
1022,0.6163942359208899
1023,0.7460790866570338
1024,0.583808781895364
1025,0.8029682712409357
1026,0.29328987119683947
1027,0.06981638853734451
1028,0.9576087738121467
1029,0.31060696542095745
1030,0.1959134560336021
1031,0.910538796469255
1032,0.1843428211585607
1033,0.0676739388401223
1034,0.06897587219178825
1035,0.9509772269223798
1036,0.2500297767609284
1037,0.08077166827796445
1038,0.9053940205972009
1039,0.8599780651656902
1040,0.4184501935922189
1041,0.9935238064175304
1042,0.33261588363150296
1043,0.23696250635645744
1044,0.4110595379354779
1045,0.5207051853926454
1046,0.018651171987822623
1047,0.5267869688594335
1048,0.6575402208083192
1049,0.9401930143447473
1050,0.867282397284243
1051,0.6599634206011289
1052,0.7244857279087273
1053,0.09980482533402468
1054,0.3967939852636311
1055,0.4243036835077766
1056,0.989886116540014
1057,0.5714265732751355
1058,0.6888757883115383
1059,0.21881709485978074
1060,0.32256042446924105
1061,0.29495399795658506
1062,0.9285931746516667
1063,0.8874476483984551
1064,0.3794388133423253
1065,0.5214421959752814
1066,0.6970444012173149
1067,0.5065920144319718
1068,0.5014936112378073
1069,0.9910946884105606
1070,0.6737408835863231
1071,0.7635694112437775
1072,0.8591885269444012
1073,0.2935781836497131
1074,0.19347039139503974
1075,0.9721299017715632
1076,0.717158649818169
1077,0.7584761360298697
1078,0.20566428029680284
1079,0.8042859751690934
1080,0.7835298844905894
1081,0.9874352450862668
1082,0.9112752257508691
1083,0.6578517644716008
1084,0.6211204649784605
1085,0.2863854286824997
1086,0.5658316495431234
1087,0.5600885110347393
1088,0.7669323519178474
1089,0.8256936999413921
1090,0.24153088142228019
1091,0.6677317340843116
1092,0.933744685763958
1093,0.5012558976851622
1094,0.9850366298506034
1095,0.17262711597778424
1096,0.6583862812752068
1097,0.2909295969334702
1098,0.5148018989853624
1099,0.2685550111643664
1100,0.9619649344634272
1101,0.020749706149055025
1102,0.8998051148254783
1103,0.7735498691575594
1104,0.6443940644289575
1105,0.9886546393033209
1106,0.2708837162564869
1107,0.9804103972962025
1108,0.2975603211893436
1109,0.326356584273496
1110,0.26429601750403375
1111,0.3883897713247946
1112,0.669324046294858
1113,0.8727404624153353
1114,0.9613883798501053
1115,0.5013936424961013
1116,0.024062579834094322
1117,0.43553377325822096
1118,0.9293060305718376
1119,0.11819631409916254
1120,0.9293931770803228
1121,0.08137514426277903
1122,0.06389048768940364
1123,0.015824949507447617
1124,0.0481184828207506
1125,0.7099376023942517
1126,0.47454126493667725
1127,0.3632967063834672
1128,0.10122343013847701
1129,0.8127534412146645
1130,0.7002724210499025
1131,0.2277129899964757
1132,0.824350477305879
1133,0.8500671821765438
1134,0.3486285815071055
1135,0.3007711038748351
1136,0.4719982040884718
1137,0.4385877974629784
1138,0.9831490518557081
1139,0.48885772517923376
1140,0.6571262012568405
1141,0.5683311393048996
1142,0.5533512969675748
1143,0.44962608177424424
1144,0.23167500326681534
1145,0.7114681690057572
1146,0.5381758373883567
1147,0.8516587694080009
1148,0.1888502462343612
1149,0.8889334572076627
1150,0.2093317899390904
1151,0.4094089971336514
1152,0.8223878687469319
1153,0.8114411431769074
1154,0.2005486639550218
1155,0.6797449262833025
1156,0.2549819903265753
1157,0.5714062715646656
1158,0.5194990813038284
1159,0.2697604582747084
1160,0.7247594650639718
1161,0.14472828676678895
1162,0.8944933995704338
1163,0.9711598810666201
1164,0.8989824401346179
1165,0.9500002110319897
1166,0.33278602483247477
1167,0.18160291625455927
1168,0.08614045524546621
1169,0.47165844506341414
1170,0.11114145332504966
1171,0.48477630561241836
1172,0.9757884516518983
1173,0.01231592776255408
1174,0.638106012206465
1175,0.3260623859398811
1176,0.3793741759313939
1177,0.22878847247500655
1178,0.6952213896156502
1179,0.5784927378356727
1180,0.04321578901170342
1181,0.5642596537297151
1182,0.6036595811072256
1183,0.6911764221357455
1184,0.9732394604986743
1185,0.1773606224916896
1186,0.44807879917050586
1187,0.46202706318255526
1188,0.8437725626529358
1189,0.9710967756037616
1190,0.7371705779953025
1191,0.010615820374053953
1192,0.5254479284503235
1193,0.8190150499186932
1194,0.9806856863342703
1195,0.6243466526953347
1196,0.08601376219527113
1197,0.27915735445107237
1198,0.41551627998968566
1199,0.5699945904139163
1200,0.20447595293540133
1201,0.38240405513252596
1202,0.17424317791773014
1203,0.8530170519451408
1204,0.8172801919601741
1205,0.8753404277833443
1206,0.6971643786073811
1207,0.515260115264444
1208,0.802491856539965
1209,0.5219351750764092
1210,0.22810040378131913
1211,0.3181763859511958
1212,0.45813931878538205
1213,0.10244156633685886
1214,0.5968638415955979
1215,0.15853916854261285
1216,0.9475483532047676
1217,0.9901196737390603
1218,0.9373057642276436
1219,0.544081277668421
1220,0.23002724778754047
1221,0.37523290264792497
1222,0.6475974538642719
1223,0.9443140055171949
1224,0.011769476461570672
1225,0.10855803471097503
1226,0.42045625792103125
1227,0.3261196094679055
1228,0.03299788665840597
1229,0.2334641266685612
1230,0.6984109908383211
1231,0.4905289789972138
1232,0.6840900545200969
1233,0.4846266441848428
1234,0.3512029822732159
1235,0.21607619648591714
1236,0.9028414817090589
1237,0.7598245792856445
1238,0.38821631180578275
1239,0.8105588278460311
1240,0.7852356452734907
1241,0.9422950840951043
1242,0.01022552055710102
1243,0.43882397814639296
1244,0.3303425293948249
1245,0.7865521370552466
1246,0.6386694490210104
1247,0.16758383235869279
1248,0.5056723371890596
1249,0.3975470675261311
1250,0.5015333601286774
1251,0.7955845433460179
1252,0.31305685691505003
1253,0.5150653195611583
1254,0.18522365809488972
1255,0.2735287230130927
1256,0.9232633916317633
1257,0.05134705355156166
1258,0.1197983532631014
1259,0.5345714967465982
1260,0.18374839348437166
1261,0.4088514651551637
1262,0.9915801273514109
1263,0.4657824290836443
1264,0.5796405804198933
1265,0.9560792688829202
1266,0.7480105482858086
1267,0.9355029694192775
1268,0.9088141839068639
1269,0.8976560416052312
1270,0.6026074763448878
1271,0.6633433564306442
1272,0.5211472700827429
1273,0.3355881691634911
1274,0.04781791446572836
1275,0.4909357587365828
1276,0.538271246191015
1277,0.06001210784272437
1278,0.3371638834903191
1279,0.6971686204991271
1280,0.39549341974630836
1281,0.04503395364285223
1282,0.3822964493489749
1283,0.45711333574451485
1284,0.7361792235200709
1285,0.5718170137040329
1286,0.32258060271137945
1287,0.26283804322021953
1288,0.3308047261542374
1289,0.07055549023903873
1290,0.353620767827999
1291,0.20106927858497203
1292,0.807780824730647
1293,0.21129634881185122
1294,0.4373480355542382
1295,0.7054789856173598
1296,0.3626677980544153
1297,0.698995791244281
1298,0.37888138151786577
1299,0.019866545693281168
1300,0.08843825796111315
1301,0.16034804609075182
1302,0.690371709934309
1303,0.7664888018661643
1304,0.43811588571683324
1305,0.6859679711953952
1306,0.41553976861827324
1307,0.3198032271162534
1308,0.46844654622931303
1309,0.4026910945705856
1310,0.18889238253481389
1311,0.9751699385746637
1312,0.69653220892296
1313,0.936194104169375
1314,0.9646341171186102
1315,0.4982793404148279
1316,0.7545897399904882
1317,0.3249669422907169
1318,0.19418032680524044
1319,0.2366406657365986
1320,0.43738016595348195
1321,0.4589595048467935
1322,0.6417846949964727
1323,0.8900513434711288
1324,0.33165044333618576
1325,0.3314230480315852
1326,0.23588233379248702
1327,0.919799038765894
1328,0.30744983920220703
1329,0.01021746686700531
1330,0.9488193440134974
1331,0.2298434526169223
1332,0.5853152440764486
1333,0.5132910787679209
1334,0.16434368731087257
1335,0.8210739699462226
1336,0.21952855508078117
1337,0.7922198664118169
1338,0.23289899153635263
1339,0.8788773975904982
1340,0.0024301217908718753
1341,0.3568567087724913
1342,0.3160535956589886
1343,0.5970612395215518
1344,0.43217475792074056
1345,0.003000591530152974
1346,0.505669025583995
1347,0.2560033693150632
1348,0.7032054173895893
1349,0.9227483237937635
1350,0.5439150630296716
1351,0.06836040402075372
1352,0.432422205319662
1353,0.5462996862452965
1354,0.3816922628787379
1355,0.863045313568877
1356,0.18883564650646267
1357,0.4282117348146828
1358,0.08139264779458777
1359,0.07804315083666336
1360,0.49715741599782637
1361,0.16668017674295932
1362,0.9353243403112415
1363,0.8782893877735088
1364,0.3231367097401626
1365,0.5805359525760575
1366,0.5382242163102899
1367,0.5250000062153991
1368,0.6454961084987115
1369,0.9711676584206113
1370,0.7947561798139937
1371,0.2240848172650558
1372,0.5075362554127165
1373,0.6830209761989816
1374,0.9951797443896235
1375,0.5443080810666276
1376,0.05777070293865316
1377,0.5661246008420877
1378,0.4270311927523447
1379,0.2437379504046111
1380,0.5151169178660847
1381,0.36027165242770387
1382,0.7281146996226209
1383,0.5394073786253458
1384,0.4408967896725915
1385,0.7108696910224117
1386,0.5243700545875773
1387,0.23285992926001609
1388,0.2478212516564119
1389,0.9329262203322425
1390,0.913211782300431
1391,0.5994069455578962
1392,0.18538637469854757
1393,0.9207460677209839
1394,0.7269714994420602
1395,0.4667589687172201
1396,0.6756269089612427
1397,0.16278672599428834
1398,0.4881005375415839
1399,0.6825778518970574
1400,0.5512529941435955
1401,0.771558111033772
1402,0.6901820611435062
1403,0.6287654902059049
1404,0.6346900130240228
1405,0.8568995723263343
1406,0.2642256551807195
1407,0.9162950938788381
1408,0.8219334327935183
1409,0.015610120789698478
1410,0.9585132780502608
1411,0.6811479736319379
1412,0.34218097949729875
1413,0.6623699319280163
1414,0.9362282996776325
1415,0.9561091711959779
1416,0.00042947425081041324
1417,0.39039242985988176
1418,0.0654913779823042
1419,0.5585982541440037
1420,0.2473306635596958
1421,0.8235900476116778
1422,0.7134681027715161
1423,0.8893371004713597
1424,0.42593102678946226
1425,0.6556801117954371
1426,0.16521683562342782
1427,0.15790707242503232
1428,0.49274373566308993
1429,0.705131873302316
1430,0.528873403461057
1431,0.09871429945381749
1432,0.005238515948386091
1433,0.8916162432112272
1434,0.6989679170164438
1435,0.8190075144593639
1436,0.2652543081695795
1437,0.8532785577379683
1438,0.9836116862082328
1439,0.8518341810400497
1440,0.8380217938841117
1441,0.987783703138907
1442,0.6941554249003925
1443,0.07867328636023319
1444,0.4683766793018401
1445,0.6084232486600428
1446,0.09593733410193539
1447,0.7973922782540817
1448,0.23692751986110272
1449,0.22303991285728086
1450,0.9460650348588455
1451,0.6196975707316428
1452,0.707674762018105
1453,0.2705479153246132
1454,0.5842886060688829
1455,0.940589649926184
1456,0.2117718462331466
1457,0.03277687218749237
1458,0.5248941239670749
1459,0.2058451847287992
1460,0.16951462609346757
1461,0.06947153434172704
1462,0.3753598151995571
1463,0.5832011149237806
1464,0.7953143914790255
1465,0.14603177100596731
1466,0.26854222714127074
1467,0.5735473856963166
1468,0.6810737931260041
1469,0.6333507995664207
1470,0.18688658839082162
1471,0.7153564011968191
1472,0.6249558219394579
1473,0.5189523387234539
1474,0.7892446416608483
1475,0.7841215023978672
1476,0.659297975357391
1477,0.6388820683201344
1478,0.5145047849696174
1479,0.03230679772041212
1480,0.08953878687150718
1481,0.5645137897425383
1482,0.9500361613365572
1483,0.8511958943164416
1484,0.24463957332854314
1485,0.6820728555478074
1486,0.5953961051244862
1487,0.07960667066545257
1488,0.9758995411157747
1489,0.5726246026952523
1490,0.4688441100099032
1491,0.8222328876825037
1492,0.17130381043080067
1493,0.40318962248996204
1494,0.20059536749514761
1495,0.8048502102631891
1496,0.9709385990875334
1497,0.9801950635768275
1498,0.6757142838842768
1499,0.520138124662182
1500,0.7241769866570206
1501,0.24223115476970114
1502,0.17628165849284594
1503,0.04034209190488969
1504,0.9323089114338798
1505,0.6829970404700084
1506,0.21142858904430217
1507,0.2425515927629407
1508,0.5764617364722836
1509,0.26165607011745384
1510,0.8494825833282704
1511,0.5468753169159919
1512,0.3930502226971315
1513,0.3510877757958353
1514,0.5901876490105684
1515,0.5903013794642928
1516,0.5893575875789524
1517,0.5437203829257014
1518,0.5765278573192213
1519,0.7618854824202446
1520,0.6306205173215739
1521,0.4329770418106329
1522,0.5153578423482644
1523,0.09192706251589466
1524,0.05033357263467131
1525,0.749459141560496
1526,0.053965704454150165
1527,0.9444919571971495
1528,0.16525185358837302
1529,0.8021517166948431
1530,0.45618768507167884
1531,0.7526144075522618
1532,0.5419463327283824
1533,0.38132358004145617
1534,0.2913074246229984
1535,0.29540398806614754
1536,0.9565927346121768
1537,0.8977142559198087
1538,0.47321706379417905
1539,0.630204761880353
1540,0.3631770512991608
1541,0.9642113459097985
1542,0.9012171169230863
1543,0.3180403055088379
1544,0.08601312799040439
1545,0.902561492487554
1546,0.8184176654960341
1547,0.8383854710505532
1548,0.8687009690076781
1549,0.34070084858449967
1550,0.3811665815182308
1551,0.0036945870464629715
1552,0.5284354988413099
1553,0.4964752704119221
1554,0.466477938495499
1555,0.8512482128213256
1556,0.6669645395195294
1557,0.6067239225096455
1558,0.6451118953967988
1559,0.9193718844864682
1560,0.7620964279685593
1561,0.8621507767867065
1562,0.9696176042707763
1563,0.7839765555109448
1564,0.3693090840363471
1565,0.1620425652155667
1566,0.22564194525395798
1567,0.8288288520443086
1568,0.37035575355431194
1569,0.3468907164921565
1570,0.8428935057578867
1571,0.24750339122498577
1572,0.016220003053390664
1573,0.4884671953455767
1574,0.5864792828797866
1575,0.28783883444407676
1576,0.6992812484345176
1577,0.05372361361079969
1578,0.8683430280335604
1579,0.5552922674335571
1580,0.13494772344173422
1581,0.3305389064825627
1582,0.6442265990057365
1583,0.5483700076906945
1584,0.40548664133813994
1585,0.19128802410104773
1586,0.04404916695478056
1587,0.356017878026495
1588,0.37478999223448106
1589,0.2617563784114294
1590,0.33552576550915525
1591,0.799239825050623
1592,0.36211544491752934
1593,0.6835734754082391
1594,0.5844979079851479
1595,0.36588651961806706
1596,0.5897772325025548
1597,0.3918305562019597
1598,0.2541697101677052
1599,0.9838828247673546
1600,0.2803746349902848
1601,0.16413302261209828
1602,0.5555032269763961
1603,0.17185217025375055
1604,0.6514902359453696
1605,0.5042895376051079
1606,0.4884370980506295
1607,0.5796367974230373
1608,0.9630788298979363
1609,0.28619666636556695
1610,0.6889849983127766
1611,0.8991205975932649
1612,0.2645153299728369
1613,0.35485664905502856
1614,0.9529218043583376
1615,0.4953441594133391
1616,0.12446944633810142
1617,0.7558127475432163
1618,0.25516754496423
1619,0.5590080896375194
1620,0.8695564507675517
1621,0.1560143792345684
1622,0.7723754467118001
1623,0.28625002299170754
1624,0.7861026247860886
1625,0.9402487443354103
1626,0.3454702874750205
1627,0.7645521687422421
1628,0.8746991925318641
1629,0.5303208492195728
1630,0.0980520593744314
1631,0.790562666666266
1632,0.4076985551310699
1633,0.18429302249842727
1634,0.00346352680581552
1635,0.7074281777636251
1636,0.43136039021031236
1637,0.5776699247313076
1638,0.8447568077240265
1639,0.5835067251021607
1640,0.10900027515129218
1641,0.6674344172251608
1642,0.07971296813379292
1643,0.5011907484345434
1644,0.12497845535077912
1645,0.4391792221983585
1646,0.8562058166025772
1647,0.8680680530663049
1648,0.38271290790742607
1649,0.5526622909643607
1650,0.7080504816866541
1651,0.9768181760251314
1652,0.5498549967291633
1653,0.2031358615764718
1654,0.9309992134636396
1655,0.8795829057874438
1656,0.2686033284726539
1657,0.11602142039372454
1658,0.8828499107235803
1659,0.008108251284566603
1660,0.15440072884885192
1661,0.3110775018309524
1662,0.14651478626095937
1663,0.04887844794005747
1664,0.5188081427051346
1665,0.17696880332508813
1666,0.0632744086727074
1667,0.8904360387884978
1668,0.8568427390454677
1669,0.1705903791891361
1670,0.4575206391333221
1671,0.47038967603382753
1672,0.7313378268099149
1673,0.17193366423600942
1674,0.08457271440053926
1675,0.6865086830452672
1676,0.170662570991424
1677,0.2978043645058248
1678,0.583560809828877
1679,0.280686812809543
1680,0.33352601192057996
1681,0.9178073763767767
1682,0.7796434913131617
1683,0.27186022103312313
1684,0.3309292899576778
1685,0.8572027879802037
1686,0.22064405060961512
1687,0.30995083207452223
1688,0.4216633423588092
1689,0.5216108136645937
1690,0.6229930280574866
1691,0.3776772848745351
1692,0.49827199062612915
1693,0.29195749802753357
1694,0.9681097098669543
1695,0.22048702906968876
1696,0.9784796959553763
1697,0.6253725725412749
1698,0.9661163711108891
1699,0.19382176810858232
1700,0.6423844097463813
1701,0.9015387400442794
1702,0.3761890188672453
1703,0.9268877997664826
1704,0.25774057306493314
1705,0.23278699600808905
1706,0.91497507323968
1707,0.7604956642253607
1708,0.22439088966317522
1709,0.7955984107632044
1710,0.5155067755744123
1711,0.6341231775319666
1712,0.03262047694101833
1713,0.3199838198143893
1714,0.41764491405068693
1715,0.9602765364962246
1716,0.8443884436657176
1717,0.5884868713429796
1718,0.5605410249587429
1719,0.5961945948792967
1720,0.8673863647239147
1721,0.30976460107053905
1722,0.8593773835029315
1723,0.8917069689732141
1724,0.34160691035389235
1725,0.0009579285373962909
1726,0.13493557178632776
1727,0.7479510991099864
1728,0.30452370773529014
1729,0.2523752292722634
1730,0.6955785800952432
1731,0.005650505049385246
1732,0.5564336442963219
1733,0.2544455742715718
1734,0.23978358198069027
1735,0.06885797279278949
1736,0.7683663447550384
1737,0.5144047847860566
1738,0.30088795232485743
1739,0.5092564844246592
1740,0.08177942019866924
1741,0.2724862723184299
1742,0.8107029974395338
1743,0.561139273239737
1744,0.5181174320224997
1745,0.3200939815749907
1746,0.10878172613804371
1747,0.9868899303219264
1748,0.2979590714793424
1749,0.6991704928056915
1750,0.26865388056157824
1751,0.7975066891509869
1752,0.4852608395660104
1753,0.22386497648676484
1754,0.768497083657898
1755,0.649367109476621
1756,0.003978237793008987
1757,0.3735046524007589
1758,0.5177658261896342
1759,0.22035164539404128
1760,0.19198874305743563
1761,0.009197021049350274
1762,0.07356962079022855
1763,0.01310311976253975
1764,0.939747470988761
1765,0.4816518277945224
1766,0.771589674209628
1767,0.7055338457147325
1768,0.36255320829223714
1769,0.3206554747756669
1770,0.6437933283787781
1771,0.8977555392444522
1772,0.04701208561143122
1773,0.3644766770337394
1774,0.3550724916034945
1775,0.2321168067963162
1776,0.0793840950510728
1777,0.45514493574576786
1778,0.9242586224972782
1779,0.24150022668243065
1780,0.05739571053087489
1781,0.6780642263789299
1782,0.5324358556629715
1783,0.6212166527210483
1784,0.5638034852763277
1785,0.8329916809194075
1786,0.7585797705583308
1787,0.021989687451166917
1788,0.2355389031939592
1789,0.4532007054520618
1790,0.8352826390280906
1791,0.8410932890855233
1792,0.574962885245056
1793,0.9535547028720547
1794,0.9371560838911903
1795,0.8764697351278382
1796,0.8619344790458001
1797,0.5353389607881452
1798,0.45088329669833793
1799,0.8148600665192389
1800,0.6209599360806827
1801,0.31821778618418384
1802,0.25823374409191824
1803,0.9247443966477779
1804,0.5963550832977714
1805,0.579431696829296
1806,0.593473294031224
1807,0.8323831797146583
1808,0.09548308694981067
1809,0.5459335045520762
1810,0.10051108627152627
1811,0.6534895541245894
1812,0.7841569763566276
1813,0.15345149205289466
1814,0.3426227417906482
1815,0.922611005522394
1816,0.5516226137642977
1817,0.13081496937337822
1818,0.8681437712804669
1819,0.7574769244293772
1820,0.9478355109929328
1821,0.03878876447918733
1822,0.7267843338968736
1823,0.8685623182271534
1824,0.9422024701496036
1825,0.013756629076776439
1826,0.5000104533109729
1827,0.832271643426795
1828,0.9812222088207779
1829,0.9397802155685108
1830,0.10739664291473172
1831,0.9985206254765887
1832,0.3638198573395217
1833,0.875197323123614
1834,0.5768631398782889
1835,0.600162206133589
1836,0.9417228243425616
1837,0.6726692026465284
1838,0.09390959190610859
1839,0.0030499795161853527
1840,0.7797825834665261
1841,0.7498799238153664
1842,0.4865258630114968
1843,0.549066220501712
1844,0.797183976323552
1845,0.16546352537753906
1846,0.45788113835763533
1847,0.22409028163173772
1848,0.4083535087721458
1849,0.5536268262562889
1850,0.3808260417655642
1851,0.3646485071023321
1852,0.5635066100057288
1853,0.24372091196985346
1854,0.9294910828257296
1855,0.546270394965947
1856,0.0712431873410897
1857,0.15810317914169092
1858,0.8175504568721136
1859,0.7102380903571945
1860,0.6556097610790524
1861,0.5657052713467233
1862,0.824655963419684
1863,0.9885028082645566
1864,0.965315318250252
1865,0.754665101338417
1866,0.02036977169973131
1867,0.7925033958411921
1868,0.010430988389773854
1869,0.6035778542063378
1870,0.954436057378745
1871,0.7521937408415783
1872,0.4922323051349565
1873,0.9547442787850517
1874,0.2861231461039482
1875,0.6001261285247673
1876,0.37331339281435005
1877,0.17091518491121205
1878,0.7362616311652587
1879,0.41150318807861985
1880,0.33011988295288563
1881,0.7995640743223508
1882,0.597549380956739
1883,0.696607357487066
1884,0.9031173023684692
1885,0.314702160408604
1886,0.9404788720198227
1887,0.3065686635576341
1888,0.06032019283929124
1889,0.6483750662832882
1890,0.04087558730873475
1891,0.322485300246812
1892,0.40059576046660617
1893,0.567716606025202
1894,0.0433747691297216
1895,0.20224766747582312
1896,0.3653658763254458
1897,0.22746270507727584
1898,0.012749197885904007
1899,0.049621715044515735
1900,0.04944514697325353
1901,0.7191998220260136
1902,0.7375439221477269
1903,0.4682211578757719
1904,0.32476009720508914
1905,0.03385314698014885
1906,0.8681401617781677
1907,0.7738738095375811
1908,0.22293290228641927
1909,0.7596061497957785
1910,0.2771971612043138
1911,0.5678459811879945
1912,0.9305731054588076
1913,0.6403103671399759
1914,0.672528822474167
1915,0.028408950445625858
1916,0.865966063775129
1917,0.2645422120215454
1918,0.3687397363927357
1919,0.32952740758365107
1920,0.2572236102630936
1921,0.2769757525407912
1922,0.33171064145661766
1923,0.1416381435545293
1924,0.9877867660627593
1925,0.6540485313366724
1926,0.889114946789933
1927,0.18010252428542306
1928,0.7315957729737225
1929,0.9318006832545314
1930,0.3057601920335685
1931,0.9344590188126858
1932,0.6511946181748394
1933,0.40723025696211246
1934,0.5553879230837812
1935,0.8054192128751269
1936,0.8159335845955579
1937,0.9548227026108166
1938,0.060357288645292995
1939,0.36310541971825416
1940,0.5249574582864505
1941,0.7081033143962552
1942,0.7484425764964435
1943,0.3645587268720166
1944,0.9017759544267674
1945,0.5051766811342114
1946,0.5555710236241341
1947,0.7979334124936727
1948,0.4417187252760659
1949,0.712941553131957
1950,0.48452741704341307
1951,0.5405715433546868
1952,0.6124388451614894
1953,0.5410219519787061
1954,0.7999754738516887
1955,0.2637216351654401
1956,0.9352917090660142
1957,0.6679334595983967
1958,0.10598354854415337
1959,0.24221183615844744
1960,0.5821318388335672
1961,0.2328897987578944
1962,0.295466631187825
1963,0.8730872669123219
1964,0.9913007684634213
1965,0.3949972294166999
1966,0.30961247662852587
1967,0.9466606512879855
1968,0.31079999806776293
1969,0.6681980645211882
1970,0.6574108330433462
1971,0.5363273778310822
1972,0.5065804754812252
1973,0.45137095827927576
1974,0.11099135187737619
1975,0.936485280219729
1976,0.27320329109189223
1977,0.7596031565114343
1978,0.35082900740145984
1979,0.19319820504668883
1980,0.6954162429183325
1981,0.4175086598128471
1982,0.8240712456867936
1983,0.7896336667075368
1984,0.9282729877082485
1985,0.6583834554771669
1986,0.7376279894699282
1987,0.870583308082343
1988,0.7058122044938978
1989,0.8318300048492221
1990,0.10503663822219778
1991,0.673303091644433
1992,0.9182967683136589
1993,0.91845161946569
1994,0.06808152430205183
1995,0.10833737813679856
1996,0.6470583148029412
1997,0.6355462407862663
1998,0.9421455002374913
1999,0.7024697558863692
2000,0.013042434358629618
2001,0.7628443960743936
2002,0.061975930888159336
2003,0.18609558230857148
2004,0.4547051819904018
2005,0.44376965644087896
2006,0.1303828738584989
2007,0.5834041783640548
2008,0.9781018450142643
2009,0.1700940932739875
2010,0.8301148212418157
2011,0.9782938117893814
2012,0.3537903958391414
2013,0.9571666604215001
2014,0.019588223606723854
2015,0.6708056049142694
2016,0.9117702107882989
2017,0.9919761726161476
2018,0.839535259771686
2019,0.07929249183412734
2020,0.8301881632784691
2021,0.37094257392609786
2022,0.8827683028176964
2023,0.9347242795586983
2024,0.8511328308457038
2025,0.24180144954877014
2026,0.5913277956442925
2027,0.7428807278064716
2028,0.8725997609061958
2029,0.3619364538457408
2030,0.10889277344999859
2031,0.10456595368607224
2032,0.1404164575464526
2033,0.5542990114691215
2034,0.3156408283508464
2035,0.6386864692822621
2036,0.13985740487028564
2037,0.7295997696541823
2038,0.3474057971040617
2039,0.7700504219366248
2040,0.860386509885568
2041,0.23492099444120462
2042,0.5665658649898841
2043,0.466626382696141
2044,0.047549081112359004
2045,0.9534918685967556
2046,0.9908013270958299
2047,0.6478600487029519
2048,0.9964186447630514
2049,0.4291847328139392
2050,0.6552498503766732
2051,0.9638779912622275
2052,0.6355718590852559
2053,0.7431589293577646
2054,0.4552866514326971
2055,0.07248352474631103
2056,0.7712068620785485
2057,0.45687318920641606
2058,0.6367422023111069
2059,0.1246739359913086
2060,0.1165163368033304
2061,0.5800193743563811
2062,0.18782691001704388
2063,0.9403046340367859
2064,0.438792186782612
2065,0.5192050901653223
2066,0.9660558994962999
2067,0.15397331722611596
2068,0.4706565843421119
2069,0.11727732271181424
2070,0.35814689394287
2071,0.3501376055888221
2072,0.9535886012936339
2073,0.4611770952475638
2074,0.5623437520294545
2075,0.4561428773007683
2076,0.10971008645340907
2077,0.9283185131747372
2078,0.3697932514927066
2079,0.7175307969731699
2080,0.8847022956385302
2081,0.9935021651090576
2082,0.19039705459057377
2083,0.7008409579731882
2084,0.28465007028066314
2085,0.7867134766861402
2086,0.28818841908473336
2087,0.6931949602727512
2088,0.426576981563349
2089,0.5313820710741525
2090,0.04552756007362713
2091,0.6432244382363071
2092,0.33463703089269003
2093,0.31948201769654183
2094,0.22633007039817665
2095,0.44400822752310865
2096,0.01987270683559117
2097,0.8629509925154093
2098,0.5974319220446542
2099,0.9566831204624566
2100,0.06435950193549922
2101,0.49594494509851006
2102,0.302771381872622
2103,0.6403166540553581
2104,0.9225621917380141
2105,0.8624817550109385
2106,0.13500202888071278
2107,0.16848503779086643
2108,0.544654452665946
2109,0.15852257532821357
2110,0.687985246157053
2111,0.7580459380565917
2112,0.9103662178139925
2113,0.9027969099635186
2114,0.8557778100761975
2115,0.3376745842019957
2116,0.6992904375401345
2117,0.1395774876405772
2118,0.06562141550463996
2119,0.4957302830783691
2120,0.6407571115934444
2121,0.13268922848165277
2122,0.9374282847354636
2123,0.5544475512893087
2124,0.8890404767924629
2125,0.6394671611077709
2126,0.768564146851469
2127,0.7971942639850262
2128,0.7993211671900685
2129,0.15395059260636423
2130,0.5541655181510388
2131,0.3267264868854749
2132,0.748074754082837
2133,0.020628819734028525
2134,0.7524387359030423
2135,0.04949730146134024
2136,0.7998987682726233
2137,0.06493001288914813
2138,0.48782370609475345
2139,0.21547167186451244
2140,0.33176100902635663
2141,0.5897490948271507
2142,0.0029443534157206352
2143,0.177068658368021
2144,0.8564042107559133
2145,0.9112938728546184
2146,0.1743554429204338
2147,0.8353409804525421
2148,0.9697372470021206
2149,0.8223037401028368
2150,0.4697716147510612
2151,0.39873257290505915
2152,0.4247802579758625
2153,0.8413646894593735
2154,0.06461630005523311
2155,0.5058317599457167
2156,0.896602229114187
2157,0.2502746976799194
2158,0.4826723706534539
2159,0.7686749548104507
